"","school","UNITID","Attendance.2005","Attendance.2006","Attendance.2007","Attendance.2008","Attendance.2009","Attendance.2010","Attendance.2011","Attendance.2012","Attendance.2013","Attendance.2014","Attendance.2015","Total.Athletic.Spending.2005","Total.Athletic.Spending.2006","Total.Athletic.Spending.2007","Total.Athletic.Spending.2008","Total.Athletic.Spending.2009","Total.Athletic.Spending.2010","Total.Athletic.Spending.2011","Total.Athletic.Spending.2012","Total.Athletic.Spending.2013","Total.Athletic.Spending.2014","Total.Athletic.Spending.2015"
"1","Alabama A & M University",100654,5592,5479,5185,4978,5108,5295,4582,4468,4407,4549,4865,4370215,7811439,5355699,6368280,6641301,6560208,6980583,6604394,7349658,7240911,10015107
"2","Alabama State University",100724,5193,5203,5420,5455,5493,5548,5541,5906,6124,5456,5373,5622494,5155421,6048175,7194226,8455982,9046867,10614081,11718348,14145373,14070309,14597561
"5","Arizona State University",104151,47631,47502,56908,59211,60204,63101,65501,43072,42427,44136,45594,39749018,48897603,54832410,54296003,53032149,57905546,57080884,65587903,65600187,74553104,83873516
"6","Arkansas State University",106458,10850,11264,11554,11563,11912,11913,11965,11951,11707,11299,11198,9424316,10416949,10392939,10388097.88,11051532,13332956,13374507,15307308,16281038,20151793,29211785
"7","Auburn University",100858,20475,20535,20995,21083,21039,21322,21429,21091,20760,21728,22953,61314114,63249119,68910465,69841200,85480343,90908902,100497784,96315831,103126413,126470602,115498047
"8","Austin Peay State University",219602,10313,10324,10139,10382,10949,11343,11564,11381,11432,10782,10669,4318435,4845845,5484588,6541585,7398004,7203428,8850462,9622460,9854277,12698929,11995068
"9","Ball State University",150136,19258,19258,18534,18786,19812,20010,18936,18458,17690,17514,18583,14803177,16189583,17144947,19441780,19616773,17347944,19506118,20174709,22727145,25245450,25495662
"10","Binghamton University, The State University of New York",196079,12165,12533,12622,12742,12676,12759,12862,13437,14050,14459,14663,12999999,14013576,15998149,17731622,18316405,12488686,13944961,13874420,14459595,14806604,15784558
"12","Bowling Green State University",201441,17756,17712,17220,16359,15949,16389,16601,16231,15821,15489,15849,16411529,17200166,17132784,17789360,18138104,17850240,18031088,18387277,20701488,23306965,21823070
"13","California Polytechnic State University-San Luis Obispo",110422,18531,18857,19932,19295,18864,17736,18116,18052,19226,19762,20622,11418668,13037698,15778620,17724852,21700166,20834671,20683651,20154399,20483456,22242712,24941566
"16","California State University-Fullerton",110565,34420,36019,37245,38236,32621,33248,33056,33248,34492,35102,36593,7931234,8896164,9314135,9274004,9876294,9761434,10426564,10408792,11431787,12280700,13877982
"17","California State University-Long Beach",110583,31389,32921,33782,33274,30589,30931,31053,31727,32516,33438,34062,11314837,11231552,12850581,13302007,13489661,13302108,14617857,15547465,15509188,16703391,18721675
"18","California State University-Northridge",110608,30354,32139,33709,34178,31362,31896,34140,32425,34719,36986,38667,8110144,7729637,8391285,9391637,9492989,9224118,10020983,10532983,11368128,13002305,14230752
"19","California State University-Sacramento",110617,26704,27651,28268,27780,25941,26333,26912,26871,28778,29063,29768,11052342,12267222,12925621,15097907,15737910,16686837,16718783,18592767,19214711,21605332,22217565
"20","Central Connecticut State University",128771,11504,11460,11452,11755,11817,11868,11667,11498,11255,11359,11213,6858030,8800263,8615339,10722516,11453866,11764819,12758884,13465442,14287945,14731018,14949486
"21","Central Michigan University",169248,21844,22427,22161,22414,22687,23534,23696,23017,22140,22148,21479,16735819,17476651,20283635,21636204,22418292,24104699,23423660,25738861,27187504,29281777,28491818
"23","Citadel Military College of South Carolina",217864,2570,2516,2577,2623,2760,2682,2784,2905,3019,3055,2898,8281173,9162896,9865220,10607744,11248445,11616308,12215504,12841412,13247154,13613427,16649300
"24","Clemson University",217882,15051,15383,15462,15920,16634,16906,17155,17798,18453,18871,19593,39977199,46863188,54249905,60050712,61972760,56780518,58367884,67783797,67091087,73456221,82855674
"25","Cleveland State University",202134,12268,11848,12082,12569,13469,14142,13983,14162,14454,14214,14415,7120902,7936941,8345574,8759138,10018891,10137569,10630516,10911800,11290814,11446911,11827556
"26","Coastal Carolina University",218724,7058,7375,7733,8219,8675,9009,9329,9555,9610,10215,10435,10857118,13058924,15162840,16910542,17849304,18492619,19070302,22174271,22190005,23829311,25119220
"28","College of William and Mary",231624,6304,6413,6517,6596,6396,6425,6607,6702,6751,6857,6890,12960128,14084540,14745304,15883482,17587220,17982575,22726985,20384899,21244506,23664883,25280678
"29","Colorado State University",126818,24105,23705,24273,24142,25231,25042,25590,25594,25878,26115,26719,18012178,19891653,20313040,23953191,25984458,25355036,25948502,30161147,34468927,36944157,38781340
"30","Coppin State University",162283,3935,3791,3668,3743,3999,4005,4001,4122,3483,3205,3166,2974708,3283791,3455584,3433309,3971030,3679016,4088874,3503649,3678094,3953265,3881777
"31","Delaware State University",130934,3795,3899,3796,3682,3685,3619,3848,4444,4349,4531,4413,6897037,12059533,17552691,14534335,13960101,13713941,12481207,12963142,12696251,13042248,12452200
"33","East Tennessee State University",220075,11442,11799,12355,12674,13299,13752,14194,13960,13455,13196,12793,6940295,7487491,8547096,9384956,10117603,10375506,11430384,12449876,14771029,14808421,15481446
"34","Eastern Illinois University",144892,10911,11113,11000,10839,10265,10976,10579,9989,9287,8563,8019,7924949,8646730,10029148,10683774,11325706,11939966,11747181,12771828,13290957,13074791,13360791
"35","Eastern Kentucky University",156620,16362,15850,15891,16149,16066,16311,16064,16092,16142,16209,16253,7185898,9410851,10572400,11101413,12018653,12309887,12435604,12954360,11938695,13033263,14570279
"36","Eastern Michigan University",169798,21888,21521,20988,20345,21024,21609,21961,22121,22056,20944,20388,19749198,19238903,23585654.32,25153393,23615132,24635531,25971066,27798118,27797656,30081523,33956234
"37","Eastern Washington University",235097,12537,12899,12795,12981,12400,12691,13328,13895,14564,14016,12580,7089130,6681707,8214519,7939850,8823524,8712531,9783297,10941866,11538027,13360741,14307543
"38","Florida Agricultural and Mechanical University",133650,11046,11174,10675,10621,11307,12461,12103,11025,9934,9513,9130,6324411,6375856,9368482,9731064,8828360,9811480,11237523,11005786,11689605,12415520,12351422
"42","Florida State University",134097,34370,34651,34623,33205,34215,35191,36369,36086,36575,36866,35129,56412748,59512089,67843586,65583105,78528151,75209181,86949804,90278878,84772759,98866182,111386681
"44","Georgia Institute of Technology",139755,12361,13680,13866,14295,14790,15175,15514,16085,16158,16235,16694,40942114,48696486,49725966,54800099,56026127,55221082,55065262,61179789,63630961,68818267,74979077
"47","Grambling State University",159009,5311,5392,5605,5682,5087,5019,5018,4937,4649,4098,4202,5250749,5640175,5944670,6436896,6409143,5464614,6212914,6955233,7846537,7311320,7411733
"48","Idaho State University",142276,14303,14126,14503,15398,16333,15414,15094,15063,14430,14341,13626,7872156,9195297,10263462,9783294,9938706,10430535,10802674.53,11763774,11547220,12491220,12296515
"49","Illinois State University",145813,19355,19400,19289,19510,19770,19847,19965,19714,19189,19636,19898,9514664,10517646,12382213,13106817,14873144,15923568,16603093,18631777,19567197,21339412,26201435
"50","Indiana State University",151324,10772,11071,11217,10740,10838,12215,12204,13141,12998,14769,14331,8762377,9245659,9457619,10508870,10730895,10669985,11552350,13264965,12578396,13727928,14017870
"51","Indiana University-Bloomington",151351,31853,32172,32502,35726,36168,35946,34639,34209,39429,39522,40945,38805232,41434508,43212993,50920826,55652636,65796415,69314511,69915060,72597053,80386732,88330530
"52","Indiana University-Purdue University-Fort Wayne",151102,13499,13324,13635,14572,15665,15788,15966,15567,15056,14847,14092,4124249,4450180,4987256,5759596,6085456,6417017,6786352,7088525,7546796,7629868,7677844
"54","Iowa State University",153603,22539,22578,23165,23891,24585,25117,26523,27941,29945,31141,32246,28227581.54,33341962,42123352.78,38642012,45768048,46656014,48469929,55113720,62224194,67967712,75209309
"55","Jackson State University",175856,7627,7891,8168,7579,7753,6856,8089,8130,8058,8338,8693,4632399,5263899,6183042,6155203.3,5859219.02,5674633,6909322,5882042,6411728,7217246,8361416
"57","James Madison University",232423,16470,16842,17708,18077,18619,19492,19620,20065,20308,20843,21306,21151103,23024778,24520072,26286533,29670697,28991789,31143588,34595223,36072842,43767486,44825701
"58","Kansas State University",155399,20614,20587,20395,20474,20833,21077,21513,22842,22228,22253,21725,34394620.82,34834466.81,40548866.23,41362747.31,51237044,42337682,46549248,50994785,59325573,62576606,67316209
"60","Kent State University",203517,23437,20563,20662,21046,23083,24620,25787,26315,26883,27183,27443,15223077,16362203,16995460,18891134,17179520,19446680,20756745,22735640,27116813,24392281,26291980
"62","Longwood University",232566,3916,3970,4021,4173,4278,4345,4571,4738,4898,5059,5256,3976839,5029505,5659229,6669861,6937574,6779786,7329711,7944441,9326777,9650604,10021345
"63","Louisiana State University and Agricultural & Mechanical College",159391,30169,26539,25337,25236,24757,25435,25654,26162,26523,27131,27720,55857396,65215990,73232219,81150829,94451691,102326769,91796925,101989116,105312018,122945710,121947775
"66","McNeese State University",159717,8828,8342,8229,8498,8717,8956,8859,8597,8404,8365,8361,4677533,5164414,6179186,7362720,7784725,7890850,9545568,10139996,10307780,10911542,11241698
"67","Miami University",204024,15443,14933,15369,15618,15561,15846,15892,16153,16587,16969,17717,20055568,21213766,23354626,23320946,24818228,25604474,26975567,27832911,28926951,28712466,32756388
"68","Michigan State University",171100,37506,37692,37813,38011,37989,39282,40015,40757,41374,42285,42452,58340854,70218402,73696382,83444368,81404459,78162447,84004229,88100432,93743529,107422832,108283151
"70","Mississippi State University",176080,14498,14301,14757,15474,16189,17131,17820,17136,18083,18314,19030,25273465,25796264,27542758,30432972,36703582,36265186,51588743,67926160,57362224,54388802,69493395
"71","Mississippi Valley State University",176044,3369,3122,3151,3028,3008,2631,2536,2495,2295,2197,2355,2478986,2985705,3667630,3664800,3684306,4305070,4182130,4643265,4368954,3952319,4075217
"72","Missouri State University",179566,18311,18304,18234,18178,18906,19094,19480,19849,20400,21087,21809,11928300,12422186,13142418,13889382,13813551,14317804,13829559,13761264,15495062,15105167,25180896
"73","Montana State University",180461,11993,11956,11664,11684,12052,12764,13653,14098,14632,14600,15081,10260542.85,11499793.99,13018559,13435980,16151427,15027680,20723291,22583025,17963217,18610685,18815514
"74","Morehead State University",157386,8605,8758,8769,8603,8404,8530,10758,10893,11092,11057,10959,4391856,6291257,6681002,7885882,8715580,8613511,9318304,10376374,10192319,10833587,11685666
"75","Morgan State University",163453,6329,6617,6609,6694,7002,7364,7476,7242,6931,6893,7041,6546435,6639254,7166040,7318568,8988601,8999289,9425272,9877250,9986863,10187400,11734582
"76","Murray State University",157401,9739,10000,9826,9520,9130,9441,9972,9972,10128,10539,10225,9062520,10315771,10815658,11433161,12121573,13067174,13328700,14449057,15107816,15673736,15139758
"80","Norfolk State University",232937,6041,5872,6079,6425,6958,7000,7351,7238,6730,6008,5078,7222331,7600143,8211136,9043107,9441716,9416582,11903874,11663885,14152218,12823816,16081787
"81","North Carolina A & T State University",199102,11322,10926,10421,10083,10343,10560,10382,10194,10105,10284,10489,6894852,7556069,7952151,8144668,8978310,8988951,9602618,10521502,12265815,11808863,11873742
"83","North Carolina State University at Raleigh",199193,26394,26223,27606,28365,28757,28917,29134,28247,27891,27694,27249,37048794,42463462,43294143,43892285,48349169,45880314,50560564,56332313,63137393,63958569,73074396
"84","North Dakota State University",200332,10790,10963,11140,11861,12749,13073,12959,12972,12988,13138,13063,7784835,8889021,10226444,11668000,13101951,14424439,15351245,16831447,18702969,20618838,22268430
"85","Northern Arizona University",105330,15296,16352,17557,18942,19586,22253,22975,23870,24637,26123,28303,7965468,9858857,10271613,11337017,10195286,10040224,10997448,11661255,12814432,15009485,17974818
"86","Northern Illinois University",147703,20213,20626,20609,20113,19906,19512,18830,18076,17416,16793,16344,15208204.83,16670568.87,18934750.19,22448970.21,23770449.39,21899024,22793622,23863877,25294053,26130115,27276559
"89","Oakland University",171571,16169,16744,17184,17448,18446,18903,19267,18992,19194,19299,19641,5906709,7335393,8290433,8566369,9721819,9790351,10552561,10681019,12984095,11537425,14138441
"90","Ohio University",204857,18183,17864,19103,19288,21763,25318,26412,26272,27557,27690,27817,14986448,16704043,20734683,20297059,21893603,22875238,22841117,24408346,27027550,27298719,27110443
"91","Oklahoma State University",207388,21379,21010,20472,20382,20103,20400,21298,22241,22711,22957,23193,55433091,80300988,66435650,89801118,75982440,83748207,66937207,96782619,96551860,109648000,93144396
"93","Oregon State University",209542,17943,18137,18485,19275,20919,22637,24145,25838,26858,27946,28849,36106183,55324993,54910688,52128314,54576139,52669946,54589335,57819032,64185065,73020003,72557984
"95","Portland State University",209807,25953,26056,25836,27390,29068,29331,30128,30006,29499,28640,28348,8066108,8092805,9648730,9929285,10322983,10663386,11302200,12979483,13687793,14401920,15100335
"96","Prairie View A & M University",227526,6387,6334,6798,6880,7259,7647,7687,7537,7413,7306,7650,3415877,3815306,5366807,5995291,7433749,8560818,9409744,9395570,10548492,10541202,10363199
"97","Purdue University",243780,34531,34990,35009,34861,34653,34267,33955,32874,32041,31838,31985,51500109,51826232,55786246,59217169,57707608,58365143,59429383,68056269,74628002,74604756,74420334
"98","Radford University",233277,9148,8566,8498,8560,8178,8406,8835,9088,9387,9390,9379,5294251,5798437,6334550,7735449,8581230,10341093,10038771,10849661,11600355,12423704,11794472
"100","Sam Houston State University",227881,14737,14972,15685,15748,15954,16226,16423,17271,17870,18510,19163,5718825,6308176,7404142,7906607,18055234,9900860,10794031,11688542,12833082,14412775,15390653
"101","San Diego State University",122409,29135,30512,32325,30386,28366,29115,27233,27348,29520,30217,30960,25177993,30916070,30440354,31405858,35055228,32629652,36054231,39017254,42849323,45063393,53607909
"104","South Carolina State University",218733,4364,4404,4845,4742,4524,4353,4308,3572,3233,3017,2875,3236028,9071464,7438162,9515636,10432737,10178416,9899545,10256778,10136350,9816895,9179400
"105","South Dakota State University",219356,11005,11347,11966,12281,12670,12997,13020,13165,12891,12948,13235,6199905,7506991,8398190,10602137,10723155,12345511,13106871,14115098,15079750,15700589,16417153
"107","Southeastern Louisiana University",160612,16851,15559,15429,15909,16103,16443,16849,16960,16232,16101,16501,7376077,6847175,7305442,8549078,9262399,8682579,9593098,10680831,10920225,12157552,12528745
"108","Southern Illinois University-Carbondale",149222,19830,19238,19254,18758,18080,17653,17448,16205,14779,15116,14593,11120661,12358508,18217027,18295838.02,20132053.33,22371842,23600077,20739714,23008969,25010146,25427042
"110","Southern University and A & M College",160621,9881,12150,8013,7526,7378,7052,6635,6293,6785,6243,11717,5287506,6184080,6317910,3488943,3589248,5990447,7122516,6550323,7687619,9237128,13433528
"111","Southern Utah University",230603,6601,12877,12140,10816,11222,11688,14607,14150,13171,13470,14451,4756587,4835353,6275025,7404490,7877172,8643924,9564085,10197450,10639948,10589364,10562560
"112","Stephen F Austin State University",228431,10853,11159,11196,11674,12487,12670,12937,12672,11982,12241,12040,8754210,11013848,11692888,12114937,12664561,13821642,14479267,12770652,13611753,15924910,16269626
"113","Stony Brook University",196097,17022,17882,18510,18799,19166,19286,18804,18813,18699,19008,19410,17619115,19332905,21573933,22069318,23454738,20153246,21507169,23875960,25144617,26934534,28141595
"114","Tennessee State University",221838,7668,8073,8136,7535,7840,7816,8231,7909,7869,8168,8222,7595547,8318948,8758805,9448799,8862324,9607967,10719239,11011386,12490574,12166057,12831317
"115","Tennessee Technological University",221847,8006,8386,8876,9361,9776,10352,10940,11005,11252,11331,10658,6384389,7040244,7541071,9084113,9644340,9488436,10700535,12056455,13079750,13634913,14016396
"117","Texas A & M University-Corpus Christi",224147,7912,7545,7963,8476,8912,9366,9089,10146,10073,10237,10685,4920384,5276286,6161962,6853043,7095390,7784681,8792690,8995616,9819838,10272816,10744548
"118","Texas Southern University",229063,11166,10191,8646,8167,8242,8035,7842,7852,7331,7608,7720,4792635,5974726,5520646,5497531,6919058,9712043,10108775,10659376,10188987,9780351,10222016
"120","Texas Tech University",229115,25007,24644,24826,24797,25989,27514,28429,28722,29342,30798,31494,46287451.5,52853607,51502786,51275866,53808480,59341489,56970651,60346836,66296446,69659608,76525961
"121","The Ohio State University",204796,42719,43751,44493,45667,46256,47539,48411,47269,47630,48285,48487,89580306.88,101804852,109197920,114264848,119859608,122739754,122286869,124419412,116026329,113937001,154033208
"122","The University of Alabama",100751,19757,21693,22982,24407,24965,27175,28718,30700,32392,33809,35199,56989608,60636961,77106548,123370004,90868971,98961214,105068152,108204867,116607913,120184128,132354913
"123","The University of Montana",180489,13357,13192,13615,14151,14975,15589,15487,14753,14188,13479,12291,12687159,14171759,15322956,14752438,17308690,16818678,17748912,19011913,19246333,20301746,23823841
"124","The University of Tennessee",221759,22571,22797,23603,24029,23334,23168,22963,22958,23202,23302,23677,71783012,70565159,94445270,100507146,105972740,111670619,97580406,101292015,110269194,106153854,113413325
"125","The University of Tennessee at Chattanooga",221740,8424,8602,9231,9392,10031,10106,10941,11197,11265,11232,11060,10070959,10992234,11045444,12125537,14011719,13115269,13772577,15110268,14779261,16046057,17359207
"126","The University of Tennessee at Martin",221768,7015,7514,8002,8292,8845,9118,8581,8311,7942,7471,7256,5517791,5516192,6668956,7613798,8995348,8808664,9523712,10227014,9087815,9709378,10602110
"127","The University of Texas at Arlington",228769,23810,23766,23403,24238,28489,34004,35165,36388,36976,38672,39975,5834970,6562539,6985790,7791714,8411239,8905945,9357775,10770129,13970673,13068075,11748874
"128","The University of Texas at Austin",228778,40176,40117,40523,39838,40612,41616,41565,42933,42842,42198,42193,82400829,90738962,97235567,110996365,127651428,130436534,133686815,138269710,146807585,154128877,173248133
"131","The University of Texas Rio Grande Valley",227368,17913,18053,18086,19137,19614,19011,19069,19333,20047,20958,27811,4862105,5294885,5335823,5588043,5537049,5979509,6867952,7273539,8638656,9859201,10064057
"132","Towson University",164076,16799,17974,18625,19694,19674,19934,20222,20663,21171,21410,21337,13140714,14499707,16043720,17851327,18962823,20096963,20545542,25037059,19969363,24477033,25493298
"133","Troy University",102368,26809,27185,28725,26996,27773,28121,25182,22220,20437,18429,17375,11975714,12825677,14142659,14327947,15458050,15783593,15246720,16504664,22268629,24628741,27056669
"134","United States Air Force Academy",128328,4524,4569,4537,4705,4620,4629,4422,4121,3983,3952,4112,14330645,26606845,28064038,31174646,34945674,35081470,39430241,43156740,39497086,41438813,43481337
"136","University at Albany, State University of New York",196060,13788,14216,14630,14959,14875,14673,14574,14601,14437,14730,14671,8580315,9862209,11051126,13337280,14835498,14869658,14808197,14982179,16378689,19020977,18148836
"137","University at Buffalo, The State University of New York",196088,20382,20606,20786,21037,21350,21686,21578,21950,22326,21180,22503,18685142,20888277,22068328,21854374,25942006.38,16973585,26221691,27478169,28960127,31134149,31909540
"138","University of Akron",200800,20764,21603,22423,23110,24869,25976,26545,25272,23427,22378,21460,13896456,15751464,16992718,18858092,20124113,24498336,25344459,27225730,28407737,32050686,34070009
"139","University of Alabama at Birmingham",100663,13846,13531,12797,12391,12673,13004,12962,13108,13107,13465,13440,18872742,19226855,21123121,21509018,22519272,23839180,25224426,27412637,27544633,30805171,31066375
"140","University of Arizona",104179,35281,29790,31702,32322,32902,33005,33190,34144,34579,35401,36246,40760160,40479457,43267008,46211393,53177538,56919148,58506308,76802678,68253136,95524260,80706045
"141","University of Arkansas",106397,16222,16007,16634,17145,17692,19405,21201,22355,22724,23618,23946,45916377,48736994,62169914,64632499,64609733,71801905,79392988,82470473,92131933,94640408,97106539
"142","University of Arkansas at Little Rock",106245,11215,11940,11636,12160,13035,12137,12182,11899,11343,10916,10900,23601518,9945707,7929219,8450899,8841001,9388843,8880331,9356355,9015885,9151451,9855082
"143","University of Arkansas at Pine Bluff",106412,3567,3465,3560,3840,4051,3624,3395,2990,2794,2639,2798,4308915,4791983,5332802,5483039,6695811,9332570,7032570,7318670,7318876,7816300,6622798
"144","University of California-Berkeley",110635,26230,26597,27355,27760,28257,28437,28774,28662,28919,29326,29591,51774040,53722726,60826660,64282315,72738751,69345912,62669411,68578362,90126390,90108023,94016545
"145","University of California-Davis",110644,25012,25670,25894,26478,26681,26833,27171,27829,28499,29568,30215,15288702,17940038,19571120,22685673,24960557,25598798,25719586,26984595,28881026,29531570,31870332
"147","University of California-Los Angeles",110662,27218,27784,28399,28905,29055,28379,29421,30180,30815,31797,31906,46010599,52049868,61309668,66088264,66177866,61875531,66003893,71731776,83926720,86426780,96912767
"148","University of California-Riverside",110671,15967,16128,16329,17135,18298,19441,19795,19930,20018,20033,19765,6800139,9712305,10730719,12357045,12677991,12908781,13457926,14707554,16006591,15685813,16015324
"149","University of California-Santa Barbara",110705,19969,20227,20354,20595,21405,20795,20236,20557,20807,21515,21897,9669175,11027143,12243893,12965695,13331600,13403268,14937402,16293499,15708702,15980965,17991617
"155","University of Delaware",130943,19731,18953,19078,19172,19554,19071,19292,19299,19569,20449,20498,21947859,22696722,24892652,27792841,30347727,31902322,36074840,31115528,33750927,32142970,32287704
"156","University of Florida",134130,39000,39592,39922,38839,37656,36637,35908,35895,36731,36045,36703,73868754,78665774,92630682,98775583,102082778,105824376,107157831,105102198,106972983,109690016,125384443
"157","University of Georgia",139959,28333,28529,28237,28651,29082,28891,29024,29115,28863,29340,30197,44933055,62228597,64153697,71993533,78573518,77250831,80759498,88923561,96904626,92560956,96559307
"162","University of Illinois at Urbana-Champaign",145637,31139,32383,32114,32620,32661,32790,33400,33550,34078,34382,34687,47915540,50576001,51714927,63458807,73643345,71957222,73476818,76740736,78667480,83112351,87163188
"163","University of Iowa",153658,23158,23677,23770,23319,23387,23192,23157,24358,25085,24822,25883,54982658,59224861,70469589,71602593.58,71116910.85,74438196,88057486,104658746,106969227,102278847,109214651
"164","University of Kansas",155317,22845,23390,22857,23208,22645,22369,21710,21091,21059,21091,20943,40761354,47862244.4,58763135.2,65748365.58,67643124.25,69241375,71992158,78973441,79720036,90056511,92207877
"165","University of Kentucky",157085,20247,21005,20391,20732,20802,21549,21861,22068,22551,23390,23877,52462483,57551345,61075726,71079982,68628681,79002986,82840006,84929819,93423628,94612431,115159039
"166","University of Louisiana at Lafayette",160658,17871,16947,16901,18126,16688,17125,17081,16935,17002,17636,17975,8157543,8186934,9967042,11026554,11940719,12357621,13946204,17532577,18652324,21542643,23034683
"167","University of Louisiana at Monroe",159993,9525,8732,8513,8791,9052,8680,8665,8118,8122,7963,8344,6647569,7604242,8658622,9242021,10131066,10700417,10164038,10769839,11439382,12336499,12801041
"169","University of Maine",161253,10966,11251,11170,11062,10743,10509,10069,9893,10196,10323,10277,13327987,14206055,14549068,15213760,16002374,16342570,18251605,18653080,18874083,19392653,20118596
"170","University of Maryland Eastern Shore",163338,3919,4112,3979,4260,4422,4372,4295,4244,4114,4024,4073,2915961,3482391,3781025,4174893,4413532,4518919,4889052,5706043,5332206,5554601,5931218
"171","University of Maryland-Baltimore County",163268,10290,10274,10344,10528,10993,11382,11929,12684,12869,13133,12942,9055319,9631039,9178061,10886711,12104254,12402689,12948247,14526343,15299250,14538378,15843627
"176","University of Michigan",170976,26400,26487,26964,26730,27002,28294,28243,28821,29091,29253,29124,61387144,67909246,74925433,85496004,84542142,89133850,111844553,115200187,131018311,142551994,151144964
"177","University of Minnesota-Twin Cities",174066,40703,40673,41809,43097,43829,43476,43535,44332,44981,44778,44505,53872091,57031263,64828596,63968805,70322993,78706900,78924683,83619526,96427632,106176156,111162265
"178","University of Mississippi",176017,13908,14361,14433,14570,15328,16405,17579,18042,19359,19947,20903,28721832,29412948,33782527,34769709,41290128,45737904,47109301,51708064,71315807,73293496,82399898
"180","University of Missouri-Kansas City",178402,12406,11957,12060,12571,13343,13879,14377,14357,13719,13651,13702,7341688.94,6500214.27,6964177.34,8485139.23,10030151.38,11697582,11146614.01,12095001,12505431,13904762,14074330
"183","University of Nevada-Las Vegas",182281,27380,26935,26661,26547,26839,27657,25706,25905,26818,25405,25566,24280990,32720926,33484258,37934266,36218647,59143059,60555156,58691671,63672024,44467342,44935234
"185","University of New Hampshire",183044,12379,12723,12827,12949,13366,13570,13280,13599,13326,13642,13852,19668828,20232237,21809951,23386586,25145239,25948502,27135740,24716355,25808269,26972273,27876601
"186","University of New Mexico",187985,21280,21012,21011,21309,22630,23919,24283,24397,24319,23846,23419,26216020,26719944,25822644,36477159,39368459,37331322,40428116,44321779,45046275,47082167,42180916
"188","University of North Carolina at Asheville",199111,4220,4099,4302,4247,4546,4578,4603,4413,4479,4516,4353,3111482,3358348,3462305,3683127,3646293,3688291,4792752,5535771,5894394,6324972,6756299
"189","University of North Carolina at Chapel Hill",199120,18254,18144,19087,19316,19380,19776,19644,19688,19370,19342,19312,54617880,59943877,63008867,65929532,74462225,72685335,74312602,81921783,82735139,83463221,89080843
"191","University of North Carolina at Greensboro",199148,13980,14454,17392,20106,20406,18109,17025,17034,17087,17977,18592,7292609,8592529,9520497,10114501,10482038,11723047,13721756,13223347,14966482,14509390,15304624
"192","University of North Carolina at Wilmington",199218,11901,11793,12299,12610,13017,13415,13699,13967,14167,14798,14730,7229222,7775897,8238962,8390217,8822579,9475358,11386484,11754878,11292111,12351215,12520175
"196","University of Northern Colorado",127741,12916,12383,14161,11159,11515,11619,11895,11829,11284,10885,10835,5814920,7534495,7424484,8584426,9424655,9882315,10719587,11743605,12238351,13424556,15447073
"197","University of Northern Iowa",154095,12745,12501,12796,13134,13191,13018,12935,12023,11650,11367,11284,13738000,14636524,15023653,16347601,16985910,15801377,16029348,16890627,16771459,18103940,19810525
"198","University of Oklahoma",207500,22828,21964,21645,21594,21811,22228,22939,23100,23058,23132,23570,62897773,64322580,69266318,76945882,81404991,87678199,94363928,96250328,102447553,113366698,123017251
"199","University of Oregon",209551,18701,18634,18857,19862,20989,22020,23266,23418,23266,22854,22625,40107833,44711104,49531150,56259942,60248727,77856232,76274142,89709350,94972708,110378432,103880557
"200","University of Rhode Island",217484,13736,14102,14860,15061,15475,15249,15389,15584,15570,15596,15742,17538454,18398621,18474633,20197909,20413032,21186722,22186730,25016244,23689560,24885161,25309663
"202","University of South Carolina",218663,20340,20038,20337,21186,21838,23379,24691,25055,26194,26491,25594,48935414,53098347,57167414,64516437,75597812,78295030,80525711,84963037,89097412,95762786,107430044
"206","University of Southern Mississippi",176372,14959,14422,14319,14123,14833,15176,15661,15682,14359,13857,13747,16588414,18396942,19083585,18671620,19861580,19641550,20702037,21914136,22399056,23536254,24546909
"207","University of Toledo",206084,18485,18633,20033,20246,20846,19587,19898,18229,17900,17900,17965,14300546,16258879,16401077,17811494,19330595,20021956,20673092,22381963,23654141,26304331,29902989
"209","University of Vermont",231174,11931,12029,12516,13193,13551,13752,13372,13140,12826,12913,12804,11344091,11669051,13053227,13718549,14755780,15991125,17041171,17949954,18351709,19071456,19916906
"210","University of Virginia",234076,16257,17707,18402,18534,18485,18758,18580,18133,18464,18624,18930,59825403,51591398,64852417,65838543,63696905,70870412,72400342,75437849,84201789,87426105,91345925
"211","University of Washington",236948,33029,34329,34654,35420,35604,35264,34266,32139,34652,35038,34486,45423346,49011005,50795299,57330671,60575780,61640598,67900835,73833643,76209927,86097137,104403253
"213","University of Wisconsin-Madison",240444,33260,33362,33745,33669,33558,33772,32962,33353,33601,33547,33400,75719048,78845355,83134641,93008125,89643069,92259330,95623345,102275206,146659187,125096235,118691112
"214","University of Wisconsin-Milwaukee",240453,27255,28047,28432,28575,29467,29596,28496,27921,26562,26442,25552,8985426,9813945,10498257,9876016,10237850,11148602,11704055,12257732,13421922,12965391,12916898
"215","University of Wyoming",240727,11212,10779,10873,10950,11179,11474,11480,11495,11509,11305,11301,20924672,22292557,23937954,24876915,26611238,26524851,27800441,30476152,29731941,32966973,33364169
"217","Utah Valley University",230737,31419,30355,31077,34229,36697,40596,41515,40549,39342,40634,43017,3964384,4712751,5438752,7222686,7175023,7455353,9238354,9590298,9714656,10519096,12106746
"218","Virginia Commonwealth University",234030,23581,24206,24567,25167,25478,25810,26661,26677,26214,26530,26531,8545534,12150781,13515333,14434623,16223712,16818906,21453672,23760993,25839126,27511166,30683392
"219","Virginia Military Institute",234085,1504,1503,1505,1539,1626,1691,1736,1804,1759,1746,1762,7527004,8155946,8895516,9602822,10098137,9834258,10713583,11092350,11615757,11921483,13022017
"220","Virginia Polytechnic Institute and State University",233921,22572,22949,23772,24477,24540,24719,24730,24786,24972,25242,26211,37465129,45311500,56064171,59157745,58920659,55738633,62594797,66970798,66581916,69597779,77679721
"221","Washington State University",236939,22444,22412,23223,24080,24742,24659,25588,25835,26056,26752,27313,27873562,29444187,32030273,36495847,38079471,38045842,40617093,47962255,52126124,68141258,67386939
"222","Weber State University",230782,27545,30425,20870,27418,30079,30709,31833,33394,31714,32658,31790,6863300,7934215,8247027,8925026,9717354,10143277,10869522,11610450,12285592,13407076,12227409
"224","Western Carolina University",200004,8166,8046,8329,8232,8745,8834,8921,9233,9504,9859,9890,7001101,7527395,7650503,8420162,8761910,8495436,8667706,11605915,11387194,11466187,12170138
"227","Western Michigan University",172699,23250,21989,21501,21611,21415,21788,21897,21374,20980,20758,20265,19611154.56,20962317.77,21271146,21635009,24545495,23233399,25410420,27817159,28630285,30113764,33255611
"228","Wichita State University",156125,14539,14593,14447,14433,14429,14787,15517,14278,13461,13160,12788,13013257,14602380,17119283,18139411,18035527,18700803,19929274,21564660,24132710,23514736,25100692
"229","Winthrop University",218964,5691,5651,5595,5644,5641,5479,5443,5573,5604,5537,5640,6758077,8942188,10050577,11240036,10458414,10780645,10672778,11019828,12264698,12301745,12220563
"230","Wright State University",206604,14614,15186,14282,14901,14812,16556,16618,15086,14423,14343,14240,7889692,8760852,9402842,10393436,10279886,9860186,9914670,10226716,10852077,11236512,11663355
"231","Youngstown State University",206695,13727,14219,14568,14603,15841,16184,15675,14702,14385,13802,12964,7922248,9322741,9814254,9942610,10921798,11842751,12468802,12546718,13632988,14385066,14946755
